id,first_name,last_name,email,gender,age,car,job,favourite_film
1,Aurelia,Ribeiro,aribeiro0@bloglovin.com,Female,75,A6,Senior Sales Associate,Crime|Drama
2,Aguie,Figliovanni,afigliovanni1@wikimedia.org,Male,23,Laser,Research Assistant IV,Comedy|Drama
3,Dita,Cockson,dcockson2@ibm.com,Female,28,Yaris,Occupational Therapist,Drama
4,Quill,Hallick,qhallick3@ocn.ne.jp,Male,37,LTD Crown Victoria,Structural Analysis Engineer,Comedy|Romance
5,Perrine,Acklands,packlands4@cdc.gov,Female,45,3 Series,Marketing Manager,Romance
6,Reid,Blinerman,rblinerman5@omniture.com,Male,51,Wrangler,Programmer Analyst I,Crime|Drama
7,Abramo,Cund,acund6@wikipedia.org,Male,28,Explorer,General Manager,(no genres listed)
8,Irwinn,Wheeler,iwheeler7@wisc.edu,Male,52,Neon,Database Administrator III,Comedy|Fantasy
9,Xena,Ezele,xezele8@boston.com,Female,56,Pilot,Nuclear Power Engineer,Action|Adventure|Comedy
10,Cullie,Strank,cstrank9@nbcnews.com,Male,44,Silhouette,Cost Accountant,Horror|Mystery|Thriller
11,Fee,Aldous,faldousa@mozilla.org,Male,44,Town Car,Business Systems Development Analyst,Romance|Western
12,Maggy,Nuscha,mnuschab@163.com,Female,49,CC,Paralegal,Comedy|Sci-Fi
13,Den,Cheevers,dcheeversc@arizona.edu,Male,54,Sequoia,Account Executive,Drama|Romance
14,Vick,de Juares,vdejuaresd@1688.com,Male,78,1500,Analog Circuit Design manager,Drama
15,Madonna,Jervois,mjervoise@huffingtonpost.com,Female,77,Pathfinder,Developer I,Drama|Mystery|Thriller
16,Billie,Littleton,blittletonf@shop-pro.jp,Male,33,M-Class,VP Marketing,Drama|Mystery|Thriller
17,Nappie,Suscens,nsuscensg@answers.com,Male,52,LS,Nurse Practicioner,Drama|Sci-Fi
18,Rania,Hatliffe,rhatliffeh@eventbrite.com,Female,35,Tucson,Clinical Specialist,Action|Adventure|Drama|War
19,Jimmy,Covill,jcovilli@cbslocal.com,Male,22,Caravan,Librarian,Drama
20,Joe,Joriot,jjoriotj@ox.ac.uk,Male,41,Lynx,Human Resources Manager,Drama|Horror
